Repository_name, Language, Last_update
Learning-ML,Python,Aug 23 2020
stockmanager,HTML,Aug 21 2020
3D-view,HTML,Aug 5 2020
edocdoto,HTML,Aug 3 2020
socita,PHP,Aug 1 2020
Simple-ChattyBot,Python,Jun 30 2020
Zomato-Scraper,Python,Jun 28 2020
Justdial-Scraper,Python,Jun 28 2020
IndiaMart-Scraper,Python,Jun 27 2020
WordSeeker,HTML,May 8 2020
flutterUI,Dart,Jan 16 2020
addWebassembly,HTML,Jan 13 2020
pyBlog,Python,Jan 12 2020
pyShop,Python,Jan 11 2020
courseOrganiser,Python,Jan 10 2020
musicBypreference,Jupyter Notebook,Jan 9 2020
processSpreadsheet,Python,Jan 8 2020
resumeBuilder,C,Dec 31 2019
gitRepo,Python,Dec 24 2019
world_timeApp,Dart,Dec 15 2019
TEKNISKA2019,HTML,Dec 14 2019
plutusweb,PHP,Dec 13 2019
MERNwebsite,JavaScript,Dec 6 2019
loginsystem,PHP,Dec 1 2019
classicalTodo,PHP,Dec 1 2019
chocoTea,Dart,Nov 27 2019
empSallary,Dart,Nov 1 2019
student_idcardUI,Dart,Nov 1 2019
quotesApp,Dart,Nov 1 2019
git-one,HTML,Jul 31 2019
